device_id,event_time,temperature,humidity,pressure
sensor-02,2026-09-28 21:47:33,21.85,40.78,1009.04
sensor-01,2026-09-29 22:16:08,26.12,64.26,1001.01
sensor-03,2026-09-28 14:27:54,28.64,36.24,1009.78
sensor-05,2026-09-28 17:07:47,24.62,59.32,1009.37
sensor-01,2026-09-29 09:56:13,26.99,34.84,1010.11
sensor-03,2026-09-28 17:41:01,23.94,61.39,1007.53
sensor-03,2026-09-30 19:46:32,27.19,68.17,1005.27
sensor-01,2026-09-29 18:12:26,28.03,49.36,1018.49
sensor-05,28/09/2026 14:56:33,25.75,56.48,1016.36
sensor-05,2026-09-29 11:07:56,24.56,52.93,1011.4
sensor-01,2026-09-29 20:54:16,26.15,55.7,1005.39
sensor-01,2026-09-28 06:38:27,23.88,55.73,1014.96
sensor-04,2026-09-28 06:24:39,24.64,48.95,1017.8
sensor-03,2026-09-29 20:26:34,29.84,57.8,1014.43
sensor-03,2026-09-30 20:41:14,24.9,52.8,1009.03
sensor-01,2026-09-30 02:32:42,25.79,42.41,1014.28
sensor-01,2026-09-29 20:55:25,25.63,39.9,1016.08
sensor-03,30/09/2026 06:16:27,25.57,59.82,1012.67
sensor-03,2026-09-30 23:37:19,25.21,55.71,1014.66
sensor-03,2026-09-30 16:44:05,24.93,49.72,1013.29
sensor-02,2026-09-29 19:05:08,24.44,53.89,1006.75
sensor-04,2026-09-28 04:41:40,25.61,56.28,1010.95
sensor-05,2026-09-30 07:28:36,22.46,57.31,1011.52
sensor-03,2026-09-30 05:13:29,22.79,63.39,1005.79
sensor-05,2026-09-29 04:50:21,27.18,69.64,1010.66
sensor-01,2026-09-29 06:06:52,24.98,59.62,1019.02
sensor-02,2026-09-30 11:35:32,25.59,61.38,1011.97
sensor-05,2026-09-30 06:23:45,23.51,50.46,1015.08
sensor-01,2026-09-30 09:39:30,22.54,59.53,1010.45
sensor-05,2026-09-30 01:23:05,25.66,65.43,1013.77
sensor-02,2026-09-30 21:11:28,25.11,55.14,1011.15
sensor-05,2026-09-28 03:50:07,30.93,52.69,1018.08
sensor-05,2026-09-28 06:30:06,21.65,63.11,1012.57
sensor-04,2026-09-29 01:28:23,25.45,63.66,1018.69
sensor-03,2026-09-28 16:19:44,28.84,59.32,1009.05
sensor-01,2026-09-30 12:23:58,27.32,66.29,1011.35
sensor-05,2026-09-29 05:38:47,27.5,57.93,1021.52
sensor-02,2026-09-30 15:24:47,27.83,54.65,1023.53
sensor-01,2026-09-30 12:11:36,26.86,60.92,1012.96
sensor-01,2026-09-28 10:46:40,22.73,57.0,1009.27
sensor-02,2026-09-30 05:26:52,26.05,55.43,1011.06
sensor-05,2026-09-28 21:07:57,26.9,37.14,1019.31
sensor-04,2026-09-28 16:00:36,26.22,59.51,1003.69
sensor-02,2026-09-28 00:42:15,22.62,46.95,1022.34
sensor-01,30/09/2026 13:44:23,29.0,61.5,1015.71
sensor-01,2026-09-29 03:06:20,24.65,51.94,1013.4
sensor-01,2026-09-29 05:28:28,27.61,58.5,1010.17
sensor-02,2026-09-28 00:33:35,26.37,41.48,1012.38
sensor-03,2026-09-28 05:00:33,25.53,63.38,1008.91
sensor-05,2026-09-29 14:07:01,24.06,52.29,1017.3
sensor-02,2026-09-30 20:15:58,28.43,50.32,1014.04
sensor-01,2026-09-29 11:58:46,,55.58,1011.06
sensor-02,2026-09-30 16:10:57,25.85,47.84,1021.16
sensor-01,2026-09-30 00:56:29,26.07,58.98,1011.07
sensor-04,2026-09-29 11:51:25,28.64,63.6,1017.28
sensor-02,2026-09-28 01:45:45,28.42,66.04,1012.46
sensor-02,2026-09-28 21:28:46,24.76,70.95,1022.81
sensor-03,2026-09-28 19:44:35,27.8,63.4,1009.81
sensor-04,2026-09-29 17:29:26,21.45,49.0,1008.56
sensor-03,2026-09-28 12:12:08,25.18,45.29,1016.25
sensor-04,2026-09-30 07:51:33,29.08,63.62,1016.07
sensor-05,2026-09-30 22:58:19,25.27,41.48,1010.6
sensor-03,28/09/2026 11:14:24,24.38,65.44,1007.25
sensor-03,2026-09-28 05:42:39,23.04,63.09,1014.77
sensor-05,2026-09-29 07:22:58,25.07,54.71,1018.37
sensor-01,2026-09-30 17:29:09,28.05,61.7,1021.8
sensor-02,2026-09-30 21:00:05,23.91,54.7,1015.05
sensor-05,,28.0,66.39,1020.56
sensor-02,2026-09-29 21:12:38,27.94,53.71,1008.05
sensor-03,29/09/2026 23:39:16,26.68,70.98,1003.84
sensor-03,2026-09-29 22:39:51,22.92,63.64,1019.07
sensor-01,2026-09-30 02:48:35,22.82,30.54,1021.22
sensor-03,2026-09-30 18:29:33,26.43,57.19,1018.72
sensor-01,2026-09-29 02:16:42,24.54,53.91,1010.49
sensor-03,2026-09-30 00:08:25,23.8,53.3,1007.37
sensor-03,,24.48,54.79,1014.35
sensor-05,2026-09-29 06:23:59,25.13,70.12,1015.18
sensor-05,2026-09-28 09:42:42,25.6,50.89,1005.1
sensor-05,2026-09-30 14:05:54,25.75,49.53,1009.56
sensor-05,2026-09-29 14:12:57,26.31,54.07,1009.49
sensor-05,2026-09-29 04:18:01,28.47,43.49,1017.01
sensor-05,2026-09-30 23:21:25,23.53,45.59,1019.6
sensor-02,2026-09-29 22:25:17,28.22,52.74,1009.44
sensor-02,2026-09-30 03:49:21,25.89,48.03,1013.4
sensor-01,2026-09-28 18:29:38,27.8,49.69,1011.53
sensor-02,2026-09-29 04:02:56,25.91,67.56,1024.4
sensor-02,2026-09-30 07:16:47,28.68,51.61,1006.72
sensor-03,2026-09-28 14:36:14,24.95,41.51,1011.27
sensor-01,2026-09-29 06:07:57,25.6,44.88,1016.72
sensor-01,2026-09-28 01:36:41,30.32,54.17,1015.53
sensor-04,2026-09-30 23:56:44,24.66,60.24,1016.52
sensor-02,2026-09-28 08:42:20,26.9,59.71,1020.64
sensor-02,28/09/2026 03:38:48,25.78,66.0,1006.05
sensor-03,2026-09-29 11:40:10,25.64,55.23,1011.82
sensor-02,2026-09-29 04:38:06,26.41,62.29,1018.55
sensor-01,2026-09-28 17:27:59,27.14,61.82,1010.91
sensor-01,2026-09-30 03:56:45,26.55,62.77,1000.84
sensor-05,2026-09-30 00:24:05,31.51,61.3,1010.78
sensor-03,2026-09-30 11:53:11,23.66,59.54,1015.3
sensor-05,2026-09-28 21:45:58,28.02,45.31,1019.5
sensor-03,2026-09-30 11:28:13,27.88,51.5,1009.15
sensor-03,2026-09-29 16:11:57,21.57,52.8,1020.74
sensor-02,2026-09-28 04:29:26,25.02,65.15,1019.82
sensor-01,2026-09-30 17:00:05,26.25,49.47,1015.57
sensor-03,2026-09-28 14:37:41,24.88,48.01,1002.61
sensor-01,2026-09-29 15:05:46,29.28,59.67,1015.4
sensor-01,2026-09-30 09:49:58,24.72,52.39,1012.73
sensor-02,2026-09-28 11:50:38,27.09,49.02,1006.18
sensor-04,29/09/2026 21:41:43,25.33,54.82,1014.92
sensor-05,2026-09-30 12:10:32,28.55,69.72,1015.38
sensor-03,2026-09-29 16:04:01,24.6,61.76,1013.1
sensor-02,2026-09-30 00:34:44,23.92,46.44,1017.14
sensor-05,2026-09-30 15:07:31,27.67,48.84,1022.49
sensor-02,2026-09-30 15:19:45,26.65,44.55,1010.55
sensor-02,2026-09-30 05:34:55,23.45,53.8,1018.7
sensor-04,29/09/2026 23:05:30,26.5,52.11,1012.48
sensor-03,2026-09-29 03:01:00,26.23,57.23,1009.37
sensor-05,2026-09-29 01:38:57,26.89,44.28,1009.82
sensor-05,2026-09-30 12:32:12,26.44,50.51,1008.25
sensor-02,28/09/2026 05:46:08,27.28,46.31,1012.13
sensor-03,2026-09-30 04:20:20,25.18,57.86,1014.56
sensor-05,2026-09-28 02:31:26,25.99,59.29,1013.28
sensor-01,2026-09-30 16:37:57,28.69,59.52,1023.04
sensor-02,2026-09-29 17:53:19,25.39,42.21,1016.64
sensor-03,2026-09-28 07:12:54,26.28,50.79,1010.84
sensor-03,2026-09-30 17:19:03,20.24,56.33,1016.5
sensor-05,2026-09-29 10:04:56,26.19,54.07,1011.62
sensor-01,2026-09-28 23:50:28,23.89,67.42,1017.96
sensor-05,2026-09-29 10:54:55,25.74,47.89,1006.81
sensor-01,2026-09-28 23:28:14,26.53,72.18,1019.94
sensor-04,2026-09-30 02:13:33,24.16,61.88,1010.15
sensor-05,2026-09-28 11:31:05,27.05,48.02,1014.63
sensor-03,2026-09-28 07:52:18,28.85,54.16,1015.51
sensor-03,2026-09-30 16:23:59,23.97,57.02,1011.73
sensor-05,2026-09-29 09:24:44,20.91,60.94,1008.63
sensor-05,2026-09-30 22:39:44,27.53,53.53,1017.15
sensor-02,2026-09-29 23:54:31,28.47,60.82,1008.24
sensor-02,2026-09-28 08:52:51,21.93,69.39,
sensor-01,2026-09-30 16:16:55,27.67,59.12,1006.73
sensor-03,2026-09-29 16:01:09,22.73,48.31,1013.5
sensor-05,2026-09-30 14:03:56,22.84,49.91,1015.99
sensor-01,2026-09-28 19:32:41,26.8,60.58,1010.31
sensor-05,2026-09-30 14:35:48,26.22,66.86,1013.59
sensor-04,2026-09-29 15:16:10,24.09,53.94,1018.92
sensor-01,2026-09-29 07:40:17,24.54,65.15,1016.24
sensor-05,2026-09-29 20:08:21,27.77,61.12,1009.47
sensor-02,2026-09-28 05:26:18,26.5,44.58,1014.68
sensor-02,2026-09-29 16:28:59,26.77,57.08,1013.69
sensor-03,2026-09-29 19:20:25,25.52,48.32,1018.07
sensor-05,2026-09-30 20:07:19,27.04,41.19,1014.5
sensor-01,2026-09-29 23:45:00,23.2,57.28,1007.71
sensor-03,2026-09-30 00:20:25,30.1,65.92,1013.41
sensor-05,2026-09-28 11:35:39,23.18,37.34,1012.49
sensor-01,2026-09-30 00:04:26,25.49,55.18,1014.86
sensor-01,2026-09-28 11:50:39,25.51,61.73,1014.87
sensor-03,2026-09-28 00:34:49,24.43,52.34,1009.0
sensor-04,2026-09-30 16:03:52,25.15,58.67,1011.92
sensor-02,28/09/2026 18:46:25,25.36,49.82,1007.99
sensor-04,2026-09-28 18:47:26,29.34,62.26,1023.2
sensor-04,2026-09-30 14:38:07,25.05,65.48,1006.66
sensor-04,2026-09-29 21:48:15,25.39,62.24,1019.05
sensor-04,2026-09-28 09:58:43,26.0,50.49,1012.66
sensor-02,2026-09-29 05:47:34,25.0,50.57,1008.7
sensor-04,2026-09-28 08:12:09,24.1,44.77,1017.52
sensor-05,29/09/2026 06:54:40,27.26,54.84,1012.37
sensor-02,2026-09-29 14:30:32,27.71,43.42,1018.52
sensor-03,2026-09-30 11:02:00,27.76,46.58,1006.77
sensor-04,28/09/2026 11:40:40,27.6,65.33,1008.92
sensor-03,2026-09-29 15:08:57,25.65,59.99,1016.43
sensor-01,,25.13,45.39,1010.9
sensor-03,2026-09-30 23:54:34,31.67,56.16,1010.7
sensor-03,2026-09-29 08:50:27,27.34,63.79,1011.28
sensor-03,2026-09-29 02:14:12,24.45,50.4,1017.28
sensor-05,2026-09-28 00:05:01,25.35,55.63,1006.07
sensor-01,2026-09-28 11:27:17,25.07,64.43,1008.38
sensor-02,2026-09-28 00:23:06,23.33,56.92,1016.32
sensor-04,2026-09-30 05:05:51,27.48,39.49,1013.45
sensor-03,2026-09-30 14:46:44,24.69,52.92,1021.87
sensor-01,2026-09-29 13:34:59,23.46,58.18,1018.0
sensor-04,29/09/2026 15:42:44,27.97,58.48,1013.44
sensor-05,2026-09-29 19:24:17,25.16,62.1,1016.13
sensor-04,2026-09-29 16:34:49,24.0,55.24,1016.37
sensor-05,2026-09-29 21:44:53,25.83,47.84,1019.04
sensor-01,28/09/2026 09:46:40,25.95,65.28,1021.17
sensor-03,2026-09-29 13:28:52,,51.53,1013.04
sensor-01,2026-09-29 11:00:03,26.86,55.28,1018.02
sensor-05,2026-09-29 15:21:50,26.81,35.12,1017.49
sensor-04,29/09/2026 18:06:40,22.97,53.37,1014.5
sensor-02,2026-09-30 22:15:47,28.23,47.76,1006.99
sensor-02,2026-09-30 17:07:19,26.27,66.46,1010.53
sensor-01,2026-09-30 11:06:40,23.8,49.69,1011.77
sensor-05,2026-09-30 23:25:04,24.35,43.32,1019.6
sensor-04,2026-09-29 08:39:41,23.85,63.54,1009.72
sensor-01,2026-09-30 05:25:23,23.66,49.44,1009.75
sensor-04,2026-09-29 09:02:18,25.92,65.11,1017.54
sensor-02,2026-09-28 15:44:19,28.67,64.09,1014.92
sensor-01,2026-09-29 09:26:23,24.84,57.28,1013.87
sensor-05,30/09/2026 04:00:50,28.06,66.64,
sensor-03,2026-09-30 08:15:16,24.79,56.34,1023.19
sensor-05,2026-09-28 02:40:09,27.96,48.84,1011.39
sensor-01,2026-09-29 17:39:12,,62.17,1007.43
sensor-01,2026-09-29 19:25:32,24.06,64.45,1007.16
sensor-04,2026-09-29 06:53:01,24.93,58.79,1012.46
sensor-02,2026-09-28 21:58:25,26.56,54.05,1007.67
sensor-01,2026-09-28 20:44:50,27.69,45.42,1011.07
sensor-03,2026-09-29 09:32:30,27.54,70.12,1013.12
sensor-02,2026-09-30 06:50:35,28.62,64.36,1015.68
sensor-01,2026-09-29 20:42:43,22.5,66.0,1023.94
sensor-02,2026-09-28 00:00:24,27.7,49.99,1017.68
sensor-01,2026-09-29 05:34:14,29.63,53.23,1010.28
sensor-04,2026-09-30 02:32:58,22.84,49.7,1013.6
sensor-03,2026-09-30 17:13:39,31.76,63.89,1004.61
sensor-02,2026-09-28 06:30:06,23.3,62.0,1010.35
sensor-04,2026-09-28 05:49:48,26.58,56.75,1017.56
sensor-02,2026-09-28 18:56:38,25.06,48.03,1014.27
sensor-02,30/09/2026 06:55:17,26.13,56.54,1014.5
sensor-05,2026-09-28 18:14:54,23.63,53.29,1019.92
sensor-04,2026-09-28 14:09:53,28.69,49.45,1011.24
sensor-03,2026-09-28 08:53:07,25.01,62.26,1013.85
sensor-05,2026-09-30 03:16:18,25.35,61.84,1016.5
sensor-01,2026-09-28 22:38:56,24.82,64.45,1010.17
sensor-04,2026-09-29 02:38:44,26.76,67.05,1006.18
sensor-02,2026-09-29 06:42:36,28.34,63.05,1024.15
sensor-04,2026-09-30 01:15:04,26.79,44.73,1007.65
sensor-05,2026-09-30 19:04:04,26.47,65.16,1015.54
sensor-05,29/09/2026 14:11:03,25.51,48.47,1011.24
sensor-02,2026-09-29 02:27:19,27.06,53.7,1006.2
sensor-02,29/09/2026 09:49:38,23.09,58.53,1011.74
sensor-04,2026-09-28 16:26:02,23.81,46.76,1014.65
sensor-05,2026-09-29 10:51:58,28.0,67.85,1014.47
sensor-01,2026-09-30 09:57:39,26.4,54.27,1006.13
sensor-02,2026-09-29 06:57:27,22.05,44.51,1004.25
sensor-05,2026-09-30 07:31:27,28.36,49.7,1010.57
sensor-04,2026-09-29 06:05:44,28.77,63.11,1019.32
sensor-02,2026-09-29 12:13:49,27.58,49.65,1010.12
sensor-03,30/09/2026 09:44:22,26.54,67.08,1010.72
sensor-05,2026-09-30 00:12:03,24.58,49.03,1014.42
sensor-02,2026-09-28 02:55:46,24.6,43.58,1014.34
sensor-01,2026-09-30 15:58:59,30.58,48.29,1013.7
sensor-04,2026-09-28 15:07:10,25.9,59.03,1017.17
sensor-01,2026-09-28 21:48:00,27.0,53.39,1014.78
sensor-02,2026-09-29 15:21:49,29.91,72.01,1014.96
sensor-01,2026-09-29 10:34:40,25.15,60.54,1016.04
sensor-04,2026-09-28 00:51:38,24.45,51.54,1010.06
sensor-01,2026-09-28 11:56:30,23.47,65.52,1017.24
sensor-02,29/09/2026 14:21:37,27.24,56.97,1011.69
sensor-05,2026-09-30 20:38:36,25.18,55.13,1018.15
sensor-01,2026-09-28 10:17:33,26.34,42.57,1020.61
sensor-05,2026-09-30 23:38:31,25.54,69.73,1013.45
sensor-02,2026-09-30 08:19:39,26.41,41.44,1013.56
sensor-01,2026-09-28 02:17:56,26.78,63.04,1008.5
sensor-04,2026-09-30 09:26:52,27.11,48.7,1009.15
sensor-01,2026-09-29 03:52:42,23.62,47.6,1017.58
sensor-03,2026-09-29 02:25:53,26.07,55.39,1016.7
sensor-02,2026-09-29 07:57:51,26.6,55.38,1004.35
sensor-03,2026-09-29 13:08:00,23.01,71.23,1011.27
sensor-04,2026-09-29 18:47:09,26.24,58.46,1014.85
sensor-03,2026-09-30 16:49:53,27.38,54.46,1009.59
sensor-04,2026-09-30 22:13:02,23.91,60.34,1019.8
sensor-02,29/09/2026 09:16:20,26.9,45.15,1016.91
sensor-03,2026-09-28 21:49:33,30.1,45.79,1010.77
sensor-02,2026-09-28 20:41:34,27.4,65.37,1020.01
sensor-04,2026-09-29 05:11:08,22.59,51.17,1006.25
sensor-01,28/09/2026 15:42:35,27.91,52.45,1011.21
sensor-01,2026-09-29 23:35:20,23.88,59.31,1018.59
sensor-02,,27.41,43.02,1005.2
sensor-04,2026-09-28 17:43:03,24.02,53.8,1011.32
sensor-04,2026-09-29 20:33:19,26.33,59.11,1015.75
sensor-02,2026-09-29 21:31:03,27.95,59.47,1014.95
sensor-05,2026-09-28 01:12:21,26.74,49.0,1004.43
sensor-05,2026-09-28 08:18:58,26.85,48.15,1013.64
sensor-05,2026-09-28 07:45:58,25.98,50.76,1016.24
sensor-01,2026-09-29 04:36:22,27.81,53.78,1006.98
sensor-01,2026-09-28 16:56:30,23.06,50.23,1011.43
sensor-02,2026-09-29 03:57:37,24.54,62.32,1019.1
sensor-03,2026-09-29 22:28:50,,39.56,1012.56
sensor-05,2026-09-28 14:50:48,27.01,69.26,1008.14
sensor-03,2026-09-29 08:43:23,23.87,52.73,1013.96
sensor-01,2026-09-28 10:04:40,22.72,44.71,1005.11
sensor-03,2026-09-28 06:47:48,23.1,65.27,1016.66
sensor-04,2026-09-28 13:39:23,26.8,69.58,1014.66
sensor-01,2026-09-30 00:56:29,26.07,58.98,1011.07
sensor-04,29/09/2026 05:54:42,24.99,40.96,1007.43
sensor-05,2026-09-30 11:31:27,29.99,63.58,1013.59
sensor-05,2026-09-29 20:36:43,24.7,39.38,1017.84
sensor-03,2026-09-29 19:28:00,27.36,55.83,1012.4
sensor-02,2026-09-28 07:29:09,25.1,57.13,1015.55
sensor-02,2026-09-30 20:22:19,26.75,64.06,1011.48
sensor-04,2026-09-30 06:47:12,24.29,45.71,1003.92
sensor-02,30/09/2026 07:39:26,26.8,50.15,1012.82
sensor-05,2026-09-29 20:44:28,24.31,46.71,1010.32
sensor-01,2026-09-30 01:33:04,26.97,46.93,1017.46
sensor-05,2026-09-30 11:58:04,27.15,60.31,1016.17
sensor-01,2026-09-29 21:09:41,24.64,46.65,1008.37
sensor-03,2026-09-28 07:27:17,25.34,48.94,1011.79
sensor-04,2026-09-30 08:56:14,23.79,52.46,1018.04
sensor-02,2026-09-29 13:53:24,25.52,45.93,1017.37
sensor-05,2026-09-29 01:38:40,21.55,56.31,1006.08
sensor-01,2026-09-28 14:51:17,27.33,49.46,1017.26
sensor-02,2026-09-30 16:46:49,27.3,54.73,1017.22
sensor-01,2026-09-28 07:10:06,23.11,59.27,1014.26
sensor-05,2026-09-29 21:31:58,25.95,51.43,1011.18
sensor-02,2026-09-30 19:42:42,25.2,69.43,1011.64
sensor-02,2026-09-30 01:33:36,27.2,43.03,1017.54
sensor-05,2026-09-29 11:31:25,25.78,58.23,1004.84
sensor-01,2026-09-29 20:30:41,21.99,59.61,1005.92
sensor-03,29/09/2026 05:15:08,23.96,54.07,1011.52
sensor-05,2026-09-30 18:57:32,22.22,37.97,1010.68
sensor-02,2026-09-30 04:57:31,22.87,45.79,1013.61
sensor-05,2026-09-29 04:59:52,25.46,55.36,1010.52
sensor-01,2026-09-29 14:28:07,26.01,73.59,1012.04
sensor-02,2026-09-30 08:37:42,24.64,54.51,1014.98
sensor-01,2026-09-30 18:19:21,24.67,63.71,1016.31
sensor-01,2026-09-28 11:31:57,25.07,51.65,1012.29
sensor-03,2026-09-29 17:02:25,25.3,60.29,1011.86
sensor-03,2026-09-29 10:11:14,29.28,61.61,1010.53
sensor-04,2026-09-28 22:25:56,25.36,53.78,1016.06
sensor-03,2026-09-29 02:13:48,25.11,56.78,1019.25
sensor-04,2026-09-29 19:06:01,25.45,51.39,1010.47
sensor-02,2026-09-30 23:31:37,25.1,55.61,1014.31
sensor-04,2026-09-30 12:20:51,23.13,39.9,1012.94
sensor-01,2026-09-30 00:51:32,26.99,66.04,1003.67
sensor-02,2026-09-30 02:31:54,27.11,62.53,1015.01
sensor-05,2026-09-28 09:36:38,23.79,59.8,1015.63
sensor-03,2026-09-30 01:57:30,24.95,44.38,1017.46
sensor-05,2026-09-28 22:58:14,24.74,53.99,1007.47
sensor-03,2026-09-30 09:12:53,28.04,41.2,1015.0
sensor-04,2026-09-30 05:32:11,25.07,52.67,1012.47
sensor-05,2026-09-28 11:30:31,22.88,52.38,1016.85
sensor-01,2026-09-28 01:50:24,23.73,52.43,1010.07
sensor-04,2026-09-30 04:44:01,25.38,53.28,1011.08
sensor-04,2026-09-28 15:21:02,24.45,53.54,1012.16
sensor-05,2026-09-29 01:38:40,21.55,56.31,1006.08
sensor-03,2026-09-28 05:22:42,28.45,61.73,1012.67
sensor-04,2026-09-30 19:39:17,26.08,49.72,1013.47
sensor-02,2026-09-30 21:05:59,28.51,44.12,1020.66
sensor-03,2026-09-29 11:07:09,25.85,31.77,1013.7
sensor-02,2026-09-30 07:31:52,27.36,40.54,1022.12
sensor-04,2026-09-29 13:56:44,25.93,58.07,1016.46
sensor-02,2026-09-28 06:30:06,23.3,62.0,1010.35
sensor-05,2026-09-29 06:41:39,24.3,53.52,1009.21
sensor-03,2026-09-29 11:16:38,,46.31,1015.34
sensor-05,2026-09-28 14:12:31,23.66,54.68,1010.93
sensor-02,2026-09-30 01:20:11,28.45,64.23,1019.72
sensor-04,2026-09-29 09:38:44,27.84,51.48,1010.66
sensor-01,2026-09-29 00:14:44,26.52,56.23,1016.15
sensor-05,2026-09-28 04:56:22,22.75,50.78,1016.4
sensor-03,2026-09-29 15:46:42,24.99,51.67,1013.14
sensor-02,2026-09-28 23:52:09,27.97,53.41,1017.02
sensor-03,2026-09-28 11:27:43,27.54,56.74,1006.62
sensor-03,2026-09-29 22:08:05,23.71,50.07,1009.52
sensor-03,2026-09-28 10:35:47,29.5,61.03,1009.46
sensor-05,2026-09-30 21:23:47,24.86,57.63,1005.18
sensor-01,30/09/2026 15:36:20,25.09,51.37,1013.21
sensor-02,2026-09-28 10:14:20,24.88,62.86,1013.21
sensor-02,2026-09-28 05:53:04,25.73,57.55,1009.73
sensor-05,2026-09-29 00:44:56,25.98,55.57,1011.57
sensor-05,2026-09-28 19:39:25,28.23,56.34,1017.35
sensor-03,2026-09-29 05:58:17,26.7,51.91,1015.53
sensor-03,,26.12,63.29,1011.92
sensor-01,2026-09-29 04:16:51,24.77,52.64,1016.19
sensor-01,2026-09-29 18:15:13,26.2,63.14,1019.31
sensor-05,2026-09-28 20:31:04,20.87,51.42,1016.67
sensor-03,28/09/2026 07:02:30,26.74,47.28,1013.15
sensor-02,2026-09-29 00:24:28,26.59,58.81,1013.19
sensor-02,28/09/2026 15:07:10,27.74,57.51,1013.78
sensor-05,30/09/2026 14:33:15,26.21,60.86,1009.42
sensor-04,,22.82,59.12,1015.16
sensor-01,2026-09-29 19:14:53,23.23,54.09,1012.18
sensor-05,2026-09-29 06:48:08,23.85,50.14,1008.09
sensor-02,2026-09-30 04:37:17,26.85,36.45,1012.1
sensor-03,2026-09-29 11:48:02,26.63,54.52,1014.23
sensor-05,2026-09-28 09:11:20,24.31,52.88,1019.15
sensor-01,2026-09-30 17:06:37,28.69,58.19,1013.47
sensor-02,2026-09-30 18:22:28,25.73,54.16,1012.61
sensor-03,29/09/2026 08:54:26,26.39,52.22,1019.47
sensor-04,2026-09-30 16:03:12,25.99,58.31,1019.18
sensor-01,30/09/2026 05:05:22,27.04,66.99,1016.0
sensor-05,2026-09-28 08:23:54,29.96,55.26,1014.53
sensor-03,2026-09-29 17:21:27,24.7,78.49,1007.38
sensor-02,2026-09-30 01:22:12,23.74,60.18,1009.13
sensor-01,29/09/2026 13:42:03,27.63,63.83,1009.93
sensor-03,2026-09-29 13:36:38,30.57,55.04,1015.21
sensor-03,2026-09-28 09:56:24,24.06,57.23,1003.28
sensor-03,2026-09-29 02:09:37,23.66,54.25,1024.48
sensor-03,2026-09-29 17:02:25,25.3,60.29,1011.86
sensor-02,29/09/2026 00:02:52,29.25,59.77,1018.08
sensor-03,2026-09-29 03:39:45,28.34,47.1,1014.95
sensor-04,2026-09-28 21:52:49,26.26,48.04,1012.09
sensor-01,2026-09-28 07:52:16,26.89,50.6,
sensor-01,30/09/2026 06:25:04,27.26,47.71,1019.73
sensor-02,2026-09-30 10:39:23,27.93,56.04,1012.39
sensor-03,2026-09-29 18:16:39,27.33,47.56,1018.83
sensor-05,2026-09-28 01:55:11,24.26,55.31,1010.92
sensor-03,2026-09-30 06:29:21,25.44,59.14,1023.55
sensor-01,2026-09-29 22:33:59,27.71,57.25,1021.77
sensor-05,2026-09-30 13:57:00,23.51,65.64,1014.37
,2026-09-30 03:54:55,22.94,46.06,1015.29
sensor-04,2026-09-28 23:32:24,26.49,64.87,1005.99
sensor-04,2026-09-30 18:03:48,23.58,67.84,1007.28
sensor-02,29/09/2026 13:49:39,26.66,49.92,1012.36
sensor-04,2026-09-29 13:54:42,25.79,54.51,1026.03
sensor-05,2026-09-29 22:46:03,23.44,64.43,1016.98
sensor-03,2026-09-29 10:33:28,27.69,46.49,1020.91
sensor-02,2026-09-29 14:40:42,26.39,57.84,1017.79
sensor-05,2026-09-28 03:54:31,23.56,49.61,1009.76
sensor-02,2026-09-30 04:25:46,25.13,56.92,1016.41
sensor-05,2026-09-28 19:32:55,24.72,42.01,1006.87
sensor-02,2026-09-30 20:31:54,24.74,44.37,1018.96
sensor-03,2026-09-30 05:26:00,23.94,41.59,1005.53
sensor-02,2026-09-28 07:55:44,26.87,60.55,1008.88
sensor-01,2026-09-30 18:18:57,25.55,48.23,1012.52
sensor-01,2026-09-30 07:18:34,25.29,58.65,1010.68
sensor-05,2026-09-29 03:24:46,26.57,39.65,1014.61
sensor-01,,24.72,60.26,1016.82
sensor-03,2026-09-28 05:18:25,21.05,51.81,1004.29
sensor-05,2026-09-29 22:10:18,25.15,42.57,1019.8
sensor-01,2026-09-28 18:41:21,26.75,63.2,1014.6
sensor-03,2026-09-29 09:13:12,24.89,61.71,1004.8
sensor-01,2026-09-29 09:50:18,24.12,60.71,1007.94
sensor-04,2026-09-29 19:13:49,29.08,55.72,1019.1
sensor-05,2026-09-28 08:48:53,26.38,47.77,1008.67
sensor-05,2026-09-30 20:37:35,26.05,58.6,1011.13
sensor-04,2026-09-28 09:51:41,27.23,43.12,1020.47
sensor-05,2026-09-29 00:45:59,25.34,61.62,1013.28
sensor-05,2026-09-30 19:05:06,22.37,63.83,1004.98
sensor-02,2026-09-28 16:10:20,25.18,68.51,1015.99
sensor-01,2026-09-29 23:17:58,27.27,55.83,1002.01
sensor-05,2026-09-29 15:03:31,29.48,44.91,1005.91
sensor-05,30/09/2026 02:38:47,24.51,54.36,1013.37
sensor-04,2026-09-30 09:27:31,23.34,64.12,1012.67
sensor-02,2026-09-28 04:21:41,28.32,54.16,1010.85
sensor-03,29/09/2026 09:02:20,29.34,52.62,1010.63
sensor-05,2026-09-29 12:43:07,24.88,78.63,1011.93
sensor-05,2026-09-29 04:34:51,25.07,54.3,1008.88
sensor-04,2026-09-30 02:15:52,25.39,49.48,1014.25
sensor-02,2026-09-30 04:57:02,26.82,53.93,1006.36
sensor-02,2026-09-30 10:15:25,24.96,53.9,1013.12
sensor-04,2026-09-29 14:25:26,30.48,50.92,1013.25
sensor-01,2026-09-28 11:15:07,27.39,45.43,1016.76
sensor-04,29/09/2026 02:07:36,23.71,55.72,1016.89
sensor-02,2026-09-30 10:27:28,21.77,61.64,1013.79
sensor-01,2026-09-28 08:48:40,24.6,64.07,1013.44
sensor-04,2026-09-29 01:04:46,26.39,48.17,1010.54
sensor-03,2026-09-30 16:49:53,27.38,54.46,1009.59
sensor-03,30/09/2026 23:00:12,25.09,57.03,1008.63
sensor-03,2026-09-30 19:25:56,29.77,52.36,1016.62
sensor-03,2026-09-29 08:31:49,24.97,67.14,1020.26
sensor-03,2026-09-28 02:44:49,25.57,71.05,1009.74
sensor-05,2026-09-28 19:35:38,29.45,56.75,1013.07
sensor-05,2026-09-28 01:08:24,28.29,66.67,1017.95
sensor-04,2026-09-28 04:47:15,22.62,52.8,1013.87
sensor-04,2026-09-29 07:54:21,26.5,44.19,1019.69
sensor-04,2026-09-30 16:14:59,26.73,54.77,1013.62
sensor-05,2026-09-29 12:48:30,26.95,59.2,1016.61
sensor-05,2026-09-30 18:42:22,22.62,60.75,1018.53
sensor-04,2026-09-28 02:34:30,26.24,60.97,1016.79
sensor-03,2026-09-30 03:18:34,26.08,44.94,1006.11
sensor-01,2026-09-28 06:16:40,25.43,44.51,1014.98
sensor-03,2026-09-30 07:47:29,29.34,56.9,1010.79
sensor-05,2026-09-30 12:07:33,24.81,56.52,1010.97
sensor-04,2026-09-30 02:55:11,25.6,65.21,1009.76
sensor-02,2026-09-28 16:04:54,25.3,46.27,1013.75
sensor-04,2026-09-30 06:04:06,27.93,51.27,1012.25
sensor-02,2026-09-30 03:22:21,27.72,62.2,1007.2
sensor-02,2026-09-30 06:27:15,27.93,60.62,1015.02
sensor-03,2026-09-30 13:21:23,27.73,45.46,1012.73
sensor-01,2026-09-29 11:09:56,23.14,59.68,1011.23
sensor-03,2026-09-29 10:25:48,27.08,53.17,1011.87
sensor-05,2026-09-29 23:44:19,23.18,49.01,1010.35
sensor-03,2026-09-30 23:14:00,27.34,59.25,1006.51
sensor-01,2026-09-30 12:57:15,26.58,62.19,1019.28
sensor-04,2026-09-29 01:28:23,25.45,63.66,1018.69
sensor-02,2026-09-28 09:50:55,23.66,49.27,1007.64
sensor-01,2026-09-29 22:28:17,25.02,55.66,1014.23
sensor-05,2026-09-28 16:43:51,25.39,55.38,1023.18
sensor-04,2026-09-28 11:38:36,25.57,59.71,1013.83
sensor-03,2026-09-28 11:43:06,27.54,63.96,1013.2
sensor-03,2026-09-30 02:29:46,25.27,66.71,1013.07
sensor-04,2026-09-28 08:17:52,26.99,43.75,1011.76
sensor-05,2026-09-30 00:22:05,24.48,69.29,1012.2
sensor-01,2026-09-29 12:49:34,25.74,46.24,1008.0
sensor-01,2026-09-29 10:38:03,24.56,41.1,1015.79
sensor-03,2026-09-28 23:32:07,26.44,57.44,1009.03
sensor-02,2026-09-29 21:22:59,28.61,47.94,1009.15
sensor-02,,23.3,70.67,1020.64
sensor-03,2026-09-30 17:23:57,23.71,48.85,1011.75
sensor-02,2026-09-28 08:50:14,26.19,64.31,1008.82
sensor-03,2026-09-28 10:18:59,29.17,49.77,1013.94
sensor-01,2026-09-28 16:56:57,25.37,55.08,1016.71
sensor-03,2026-09-29 16:41:25,25.66,47.08,1016.36
sensor-03,2026-09-28 22:56:55,27.16,48.17,1006.74
sensor-03,2026-09-29 12:34:32,28.78,43.1,1007.32
sensor-03,2026-09-30 14:00:38,30.2,56.35,1017.16
sensor-05,2026-09-30 20:57:58,28.24,64.92,1017.13
sensor-04,2026-09-28 09:16:35,27.47,41.99,1009.68
sensor-04,2026-09-30 15:16:03,24.65,63.49,1003.35
sensor-01,2026-09-28 11:21:32,29.03,57.04,1014.09
sensor-05,2026-09-30 04:26:36,28.42,51.11,1006.02
sensor-04,2026-09-29 18:13:43,22.23,60.77,1008.93
sensor-01,2026-09-29 05:21:56,28.83,41.09,1015.28
sensor-04,2026-09-30 05:03:03,27.34,47.48,1009.3
sensor-01,2026-09-30 00:26:29,26.63,59.37,1009.3
sensor-04,2026-09-30 06:47:29,24.74,61.81,1013.96
sensor-03,2026-09-30 22:30:59,24.43,63.44,1014.7
sensor-01,,26.12,50.06,1012.04
sensor-05,2026-09-29 20:06:30,28.87,47.99,1016.0
sensor-01,2026-09-28 07:28:27,26.05,54.86,1012.97
sensor-02,2026-09-29 07:55:28,26.29,55.74,1014.07
sensor-04,2026-09-29 07:32:29,27.42,47.14,1013.12
sensor-02,2026-09-29 20:49:28,26.48,59.51,1022.85
sensor-03,2026-09-29 13:01:37,24.22,73.33,1008.35
sensor-02,2026-09-29 02:30:14,26.05,63.77,1024.46
sensor-02,2026-09-30 09:09:03,27.21,58.55,1006.89
sensor-01,2026-09-30 05:37:55,24.79,59.47,1011.11
sensor-02,2026-09-30 17:23:02,25.02,55.13,1006.29
sensor-01,2026-09-29 00:07:20,23.62,69.16,1006.12
sensor-04,2026-09-30 06:48:31,24.19,57.87,1014.41
sensor-02,2026-09-30 17:25:47,29.4,55.3,1018.85
sensor-03,2026-09-30 13:49:21,27.95,60.97,1013.43
sensor-04,2026-09-29 06:45:07,20.56,62.1,1015.12
sensor-02,2026-09-29 02:30:14,26.05,63.77,1024.46
sensor-02,2026-09-28 17:22:50,29.04,51.81,1009.28
sensor-05,2026-09-29 02:34:46,29.45,63.53,1029.33
sensor-05,2026-09-29 02:08:24,27.17,54.78,1014.48
sensor-03,2026-09-29 03:03:54,28.0,51.1,1013.57
sensor-01,2026-09-29 00:15:11,27.69,51.07,1012.84
sensor-01,2026-09-29 23:51:49,25.67,38.48,1007.97
sensor-04,2026-09-29 08:12:46,24.2,58.37,1022.14
sensor-05,2026-09-28 14:07:40,21.77,63.86,1012.46
sensor-05,2026-09-30 09:04:28,26.35,75.72,1015.32
sensor-03,2026-09-28 01:47:18,21.59,65.3,1021.86
sensor-02,2026-09-30 14:00:04,27.12,65.14,1012.96
sensor-02,30/09/2026 07:33:58,25.39,47.08,1012.07
sensor-05,2026-09-29 15:51:14,27.47,63.46,1005.95
sensor-04,2026-09-29 20:26:31,25.18,,1012.88
sensor-02,2026-09-29 16:01:30,26.16,55.23,1020.94
sensor-03,29/09/2026 20:10:23,25.6,57.77,1010.87
sensor-02,2026-09-29 07:04:07,27.34,51.5,1010.33
sensor-02,2026-09-28 09:39:39,22.92,54.7,1011.91
sensor-01,2026-09-28 17:58:12,27.97,43.38,1007.15
sensor-01,2026-09-29 17:15:29,28.29,50.32,1016.31
sensor-04,2026-09-29 00:24:06,26.61,53.81,1006.61
sensor-04,2026-09-30 04:20:07,26.38,53.45,1019.42
sensor-01,2026-09-28 02:59:58,30.25,64.52,1013.52
sensor-05,2026-09-28 04:26:26,24.56,46.36,1016.03
sensor-01,2026-09-30 02:26:45,26.21,50.39,1013.64
sensor-02,2026-09-28 23:47:27,29.22,59.28,1021.37
sensor-05,2026-09-30 00:01:03,26.16,60.96,1018.29
sensor-01,2026-09-29 22:40:09,25.26,54.57,1014.34
sensor-02,2026-09-29 07:09:05,27.25,50.42,1020.21
sensor-02,2026-09-29 18:18:33,27.12,49.77,1011.31
sensor-02,2026-09-28 12:23:12,25.77,53.86,1006.75
sensor-03,2026-09-28 08:34:30,25.51,53.42,1009.67
sensor-05,2026-09-30 08:05:53,28.56,50.08,1011.88
sensor-01,2026-09-30 10:48:00,27.74,59.86,1008.03
sensor-03,2026-09-30 02:03:13,26.66,44.11,1006.83
sensor-05,2026-09-29 20:51:49,28.18,45.11,1009.59
sensor-05,2026-09-28 17:30:05,27.3,52.07,1023.09
sensor-04,2026-09-28 06:45:57,23.42,60.65,1015.47
sensor-03,2026-09-30 23:02:39,26.35,47.66,1007.75
sensor-04,2026-09-28 08:43:29,26.23,46.89,1012.04
sensor-03,2026-09-29 11:38:28,24.65,49.42,1020.91
sensor-01,2026-09-29 05:44:06,25.56,59.48,1009.51
sensor-05,2026-09-28 13:42:05,25.59,44.9,1002.99
sensor-04,2026-09-29 20:53:36,28.45,55.97,1012.22
sensor-05,2026-09-28 23:33:10,23.22,47.56,1011.63
sensor-01,2026-09-30 21:21:05,28.52,63.77,1019.27
sensor-02,2026-09-29 12:13:06,26.98,61.79,1017.47
sensor-01,2026-09-29 10:24:10,25.45,50.99,1007.3
sensor-01,2026-09-29 15:17:50,24.22,57.73,1012.74
sensor-05,2026-09-28 06:59:14,23.25,52.67,1014.72
sensor-02,2026-09-28 14:02:11,26.79,49.82,1002.23
sensor-04,2026-09-30 10:48:53,26.85,61.05,1014.75
sensor-04,2026-09-28 05:13:01,24.5,46.91,1023.17
sensor-04,2026-09-28 15:41:23,26.48,51.95,1012.87
sensor-03,2026-09-29 20:02:01,26.35,58.19,1017.53
sensor-03,2026-09-29 07:04:33,25.19,58.27,1014.65
sensor-01,2026-09-29 20:54:16,26.15,55.7,1005.39
sensor-05,2026-09-29 23:48:34,27.26,49.85,1010.6
sensor-05,2026-09-28 04:14:12,27.33,64.17,1012.54
sensor-03,2026-09-28 20:00:04,26.6,48.11,1012.8
sensor-02,2026-09-29 11:41:14,24.3,53.09,1003.14
sensor-05,2026-09-28 20:07:02,26.8,53.91,1011.92
sensor-04,2026-09-29 20:47:00,23.04,45.11,1014.48
sensor-04,2026-09-29 21:50:11,21.96,49.84,1010.11
sensor-04,2026-09-29 00:40:48,26.43,51.91,1014.13
sensor-01,2026-09-30 10:05:08,25.52,60.99,1004.91
sensor-05,2026-09-28 20:57:22,24.72,38.7,1022.6
sensor-02,2026-09-30 13:09:32,24.1,56.74,1013.62
sensor-03,2026-09-28 20:35:58,25.72,52.63,1009.93
sensor-05,2026-09-29 19:35:40,26.79,60.26,1018.2
sensor-02,28/09/2026 08:08:47,23.53,40.44,1010.32
sensor-04,2026-09-28 16:03:46,23.02,48.19,1008.73
sensor-01,2026-09-29 20:51:33,25.12,63.9,
sensor-01,2026-09-28 05:10:10,27.4,57.29,1023.76
sensor-03,2026-09-30 23:47:42,26.34,46.32,1008.76
sensor-05,2026-09-30 13:12:48,26.38,58.29,1015.68
sensor-01,2026-09-30 14:40:19,22.66,68.62,1011.17
sensor-02,2026-09-28 16:04:54,25.3,46.27,1013.75
sensor-05,2026-09-30 07:13:41,23.78,63.28,1015.24
sensor-03,2026-09-30 04:41:21,24.64,48.04,1016.88
sensor-05,2026-09-28 16:49:59,23.86,58.63,1012.66
sensor-01,2026-09-30 16:14:35,28.01,54.86,1001.26
sensor-04,2026-09-28 15:47:32,23.93,57.48,1012.54
sensor-03,2026-09-30 19:28:13,26.54,55.46,1008.23
sensor-01,2026-09-28 10:19:51,28.06,60.36,1009.08
sensor-02,2026-09-28 11:28:09,27.64,57.59,1007.26
sensor-03,2026-09-28 10:12:15,26.44,72.73,1007.17
sensor-02,28/09/2026 08:08:47,23.53,40.44,1010.32
sensor-05,2026-09-29 06:31:37,21.38,52.33,1015.25
sensor-03,30/09/2026 09:58:24,25.65,51.83,1014.99
sensor-02,2026-09-30 18:15:32,26.14,60.93,1012.65
sensor-01,2026-09-29 02:13:41,26.2,47.98,1020.41
sensor-03,2026-09-30 17:58:36,26.15,37.11,1019.05
sensor-02,2026-09-30 10:43:49,22.69,55.2,1010.25
sensor-03,2026-09-29 10:27:42,28.48,43.18,1016.73
sensor-04,28/09/2026 02:16:05,27.21,48.09,1019.15
sensor-03,2026-09-28 09:31:33,27.14,62.34,1011.24
sensor-04,2026-09-30 19:30:34,27.56,48.12,1010.49
sensor-02,2026-09-28 00:26:40,27.7,47.6,1010.95
sensor-04,2026-09-28 16:42:38,26.66,56.93,1008.25
sensor-03,2026-09-29 18:05:43,26.41,53.33,1014.87
sensor-02,29/09/2026 18:17:25,26.86,49.79,1009.2
sensor-03,2026-09-29 22:32:59,28.41,73.72,1009.01
sensor-05,29/09/2026 19:14:58,24.09,40.68,1013.05
sensor-01,2026-09-30 21:19:00,26.3,57.27,1005.88
sensor-01,2026-09-30 11:45:55,27.02,65.31,1005.33
sensor-05,2026-09-28 03:18:51,24.74,73.54,1007.59
sensor-03,2026-09-29 10:40:45,25.04,54.68,1000.95
sensor-04,29/09/2026 00:00:26,24.68,52.27,1020.84
sensor-01,2026-09-30 17:09:46,23.8,50.02,1009.15
sensor-02,2026-09-29 06:46:25,26.73,68.26,1016.91
sensor-05,2026-09-28 13:06:06,29.18,57.17,1016.21
sensor-03,2026-09-29 08:31:52,28.27,59.86,1018.83
sensor-04,2026-09-28 03:34:16,,63.59,1003.63
sensor-04,2026-09-29 01:36:51,29.0,39.23,1005.76
sensor-01,2026-09-28 22:17:26,25.51,61.33,1012.06
sensor-04,29/09/2026 20:05:31,28.21,48.72,1017.43
sensor-04,2026-09-28 09:53:07,26.09,62.73,
sensor-05,30/09/2026 05:38:49,26.74,48.29,1011.26
sensor-01,2026-09-28 14:30:13,32.45,32.51,1011.12
sensor-01,2026-09-29 02:02:48,27.1,51.98,1020.37
sensor-01,2026-09-28 08:23:11,29.3,71.13,1018.12
,2026-09-30 02:04:53,26.13,51.99,1015.21
sensor-03,2026-09-30 02:08:46,22.52,61.87,1012.6
sensor-01,30/09/2026 11:28:20,26.58,55.94,1009.37
sensor-03,30/09/2026 16:11:33,28.89,71.76,1020.94
sensor-05,2026-09-29 12:13:42,25.62,54.65,1015.06
sensor-04,2026-09-30 13:16:09,28.73,51.23,1019.59
sensor-05,2026-09-29 20:40:44,25.41,73.15,1014.89
sensor-03,2026-09-28 02:22:36,23.91,52.44,1007.74
sensor-03,2026-09-30 21:35:47,22.97,53.54,1009.08
sensor-05,2026-09-30 02:36:19,26.35,48.04,1011.34
sensor-05,2026-09-30 16:14:15,25.86,44.76,1006.3
sensor-03,2026-09-29 03:47:09,26.65,54.43,1012.87
sensor-02,2026-09-29 15:46:05,27.62,48.63,1013.29
sensor-03,2026-09-29 09:48:24,23.73,52.64,1010.99
sensor-01,2026-09-29 02:20:00,22.99,60.52,1014.02
sensor-04,2026-09-29 09:27:15,27.47,58.17,1005.81
sensor-01,2026-09-29 10:49:48,24.0,54.88,1011.79
sensor-05,2026-09-29 04:13:23,27.29,59.59,1022.34
sensor-05,2026-09-30 02:47:57,23.69,48.5,1008.77
sensor-02,2026-09-30 19:03:36,27.18,54.83,1007.67
sensor-03,2026-09-28 17:25:39,24.07,47.77,1017.21
sensor-02,2026-09-29 00:36:01,23.33,45.53,1021.99
sensor-05,2026-09-29 21:44:53,25.83,47.84,1019.04
sensor-04,2026-09-30 18:07:13,27.24,53.09,1005.11
sensor-05,2026-09-30 12:52:21,33.5,45.41,1011.14
sensor-05,2026-09-29 18:32:18,25.31,66.19,1023.63
sensor-03,2026-09-30 03:18:35,27.21,59.23,1007.69
sensor-05,2026-09-30 07:48:02,26.43,51.6,1015.08
sensor-03,2026-09-30 11:15:16,23.71,64.32,1009.73
sensor-03,2026-09-30 22:03:10,24.37,56.82,1022.8
sensor-02,2026-09-28 07:22:24,23.86,60.49,1018.56
sensor-02,2026-09-28 21:53:56,27.52,38.33,1000.89
sensor-05,2026-09-30 08:29:15,26.45,49.67,1014.4
sensor-04,2026-09-28 22:52:41,25.56,61.51,1012.19
sensor-04,2026-09-30 16:14:13,26.0,67.67,1007.29
sensor-03,2026-09-28 12:08:04,22.95,59.2,1018.87
sensor-04,30/09/2026 15:29:16,27.06,57.86,1011.5
sensor-01,2026-09-29 03:46:14,27.03,47.48,1017.1
sensor-04,2026-09-29 22:55:30,21.23,58.57,1019.58
sensor-03,2026-09-30 20:45:13,29.81,54.84,1008.45
sensor-03,2026-09-29 23:26:46,27.29,48.36,1010.33
sensor-05,2026-09-28 17:04:41,27.19,57.23,1008.56
sensor-03,2026-09-30 06:58:23,24.52,57.78,1010.49
sensor-02,2026-09-29 03:26:22,25.97,45.44,1014.55
sensor-04,2026-09-30 02:30:42,26.98,45.68,1008.83
sensor-03,2026-09-30 16:28:01,24.52,57.07,1013.01
sensor-01,2026-09-29 11:47:55,27.53,60.67,1012.38
sensor-01,29/09/2026 11:48:28,26.48,63.46,1020.44
sensor-03,2026-09-30 02:15:42,23.46,56.3,1020.33
sensor-04,2026-09-28 02:09:26,28.08,47.51,1013.28
sensor-02,2026-09-29 17:45:36,26.08,53.45,1011.97
sensor-05,2026-09-28 16:09:56,23.15,50.65,1013.88
sensor-05,2026-09-30 12:47:54,27.44,46.41,1019.83
sensor-01,29/09/2026 03:00:12,26.82,52.05,1001.6
sensor-03,2026-09-29 21:00:37,29.21,68.13,1018.07
sensor-01,2026-09-28 12:18:18,23.98,63.08,1013.93
sensor-03,2026-09-29 12:13:03,26.35,61.79,1010.19
sensor-04,30/09/2026 22:32:54,25.56,50.7,1013.49
sensor-04,2026-09-29 00:05:14,25.8,61.04,1015.37
sensor-04,2026-09-29 17:34:47,24.66,46.82,1011.84
sensor-03,2026-09-30 23:26:42,24.43,58.68,1012.08
sensor-05,2026-09-30 13:07:18,25.98,49.78,1010.34
sensor-04,29/09/2026 23:03:54,27.86,56.59,1020.43
sensor-04,2026-09-30 09:42:11,28.57,48.29,1016.01
sensor-02,2026-09-30 03:48:07,24.87,55.87,1005.51
sensor-01,2026-09-30 16:36:30,26.13,43.25,1009.03
sensor-03,2026-09-28 07:49:39,25.52,41.54,1009.63
sensor-03,2026-09-29 16:17:04,26.63,44.94,1008.13
sensor-04,2026-09-28 12:45:46,27.22,70.56,1013.66
sensor-05,2026-09-30 15:49:18,24.4,54.93,1018.67
sensor-04,2026-09-30 16:25:14,26.68,58.43,1012.8
sensor-02,2026-09-29 10:30:16,26.3,63.11,1024.18
sensor-03,2026-09-29 22:08:30,24.15,52.71,1021.37
sensor-05,2026-09-30 09:23:20,28.11,40.72,1017.4
sensor-01,2026-09-28 23:01:23,28.78,55.65,1010.88
sensor-01,2026-09-30 02:37:20,26.18,51.28,1019.98
sensor-01,2026-09-30 05:12:45,24.4,70.22,1018.61
sensor-05,29/09/2026 12:24:10,24.5,43.84,1024.23
sensor-01,2026-09-29 18:47:36,27.36,47.27,1012.49
sensor-01,28/09/2026 13:45:50,25.12,53.11,1020.28
sensor-04,2026-09-30 19:33:03,29.89,69.87,1010.13
,2026-09-29 20:09:57,27.8,68.23,1005.83
sensor-03,2026-09-29 15:53:58,24.88,53.05,1018.16
sensor-01,2026-09-30 12:58:33,24.77,54.86,1013.08
sensor-05,2026-09-29 12:54:13,27.45,56.41,1012.17
sensor-01,2026-09-30 09:50:44,26.14,50.26,1015.27
sensor-02,2026-09-29 18:42:56,26.38,57.36,1003.43
sensor-02,2026-09-29 15:41:39,27.32,49.9,1013.51
sensor-05,30/09/2026 07:59:18,27.63,54.98,1005.3
sensor-02,2026-09-29 20:43:04,26.38,49.34,1008.3
sensor-05,2026-09-29 15:10:34,24.47,54.1,1004.96
sensor-05,2026-09-30 20:06:25,25.88,45.52,1013.64
sensor-02,2026-09-28 06:11:10,27.52,64.27,1011.17
sensor-05,2026-09-28 07:28:12,23.45,53.05,1018.57
sensor-03,2026-09-28 22:26:50,26.13,57.74,1014.28
sensor-05,2026-09-30 16:49:43,27.01,45.78,1009.11
sensor-02,2026-09-29 13:28:03,26.69,58.79,1005.61
sensor-03,2026-09-29 00:09:18,27.04,56.84,1015.46
sensor-03,30/09/2026 14:40:28,23.89,56.5,1016.67
sensor-02,2026-09-28 21:28:58,26.16,62.11,1021.79
sensor-04,2026-09-28 12:06:37,24.27,56.83,1017.93
sensor-01,2026-09-28 10:04:22,26.14,39.11,1014.69
sensor-02,2026-09-30 12:26:38,23.75,84.17,1008.6
sensor-03,2026-09-30 22:39:41,26.25,56.99,1019.37
sensor-03,2026-09-28 20:33:25,26.94,50.26,1018.61
sensor-03,2026-09-29 17:31:35,27.51,52.05,1012.36
sensor-01,2026-09-29 02:40:37,24.53,72.97,1013.93
sensor-01,2026-09-28 19:06:40,23.66,41.24,1011.63
sensor-01,2026-09-29 05:00:55,27.58,53.66,1009.82
sensor-02,2026-09-30 01:04:53,26.7,57.24,1014.94
sensor-02,2026-09-28 22:31:18,28.29,63.56,1012.1
sensor-04,2026-09-28 06:10:08,24.89,49.4,1018.41
sensor-03,2026-09-30 03:46:48,24.81,58.65,1018.59
sensor-02,29/09/2026 19:59:50,26.19,49.62,1014.33
sensor-04,2026-09-28 09:09:27,25.66,59.54,1012.02
sensor-01,2026-09-29 12:18:36,26.18,47.74,1009.34
sensor-05,29/09/2026 16:04:24,,36.92,1021.7
sensor-01,2026-09-29 12:17:56,25.68,57.91,1019.04
sensor-01,30/09/2026 15:05:34,23.78,65.96,1012.24
sensor-05,2026-09-29 18:53:35,26.88,57.47,1009.4
sensor-04,2026-09-29 19:28:12,24.42,51.15,1016.91
sensor-03,2026-09-28 16:38:37,26.85,45.4,1015.05
sensor-03,2026-09-28 20:48:21,24.94,64.03,1015.34
sensor-03,2026-09-30 01:35:34,24.97,42.72,1013.98
,2026-09-30 03:43:55,28.68,53.84,1018.38
sensor-03,28/09/2026 02:04:49,27.13,49.54,999.57
sensor-04,2026-09-29 09:14:38,27.33,51.64,1007.7
sensor-04,30/09/2026 20:03:25,27.35,55.34,1018.59
sensor-03,2026-09-28 13:59:42,26.98,61.16,1004.44
sensor-05,2026-09-29 20:04:53,26.77,62.87,1018.35
sensor-02,2026-09-29 06:15:52,25.4,58.76,1015.83
sensor-04,28/09/2026 19:19:24,25.81,41.94,1011.65
sensor-02,2026-09-29 00:17:23,29.02,56.4,1010.39
sensor-03,2026-09-28 09:06:18,29.41,66.57,1010.16
sensor-01,2026-09-28 13:49:40,23.8,50.23,1012.98
sensor-02,2026-09-30 00:06:11,24.88,61.58,1015.83
sensor-01,2026-09-28 01:00:48,23.13,58.35,1009.89
sensor-04,2026-09-29 01:44:53,26.9,63.64,1007.11
sensor-03,2026-09-29 05:56:47,26.75,59.21,1013.78
,2026-09-29 01:05:12,25.19,51.1,1018.2
sensor-03,2026-09-30 01:03:25,30.11,63.51,1008.38
sensor-04,2026-09-30 15:53:03,25.93,55.5,1014.23
sensor-05,2026-09-28 09:42:34,28.68,54.18,1023.02
sensor-04,2026-09-30 17:19:14,25.15,54.67,1011.45
sensor-01,2026-09-28 01:27:04,26.94,49.58,1019.01
sensor-02,2026-09-30 23:46:34,24.63,58.32,1006.73
sensor-03,29/09/2026 11:21:48,24.25,42.51,1011.45
sensor-05,2026-09-30 13:28:52,26.3,44.24,1012.01
sensor-05,2026-09-28 11:36:24,27.72,44.68,1013.7
sensor-04,2026-09-29 18:25:01,27.2,59.93,1020.18
sensor-05,30/09/2026 13:04:13,26.59,35.23,1006.13
sensor-03,2026-09-30 17:42:15,28.92,49.83,1014.09
sensor-05,28/09/2026 20:35:41,26.85,48.03,1014.77
sensor-01,2026-09-29 14:58:06,27.39,59.24,1011.39
sensor-05,2026-09-30 04:21:46,25.7,50.81,1015.48
sensor-02,2026-09-30 10:43:24,29.37,47.46,1012.53
sensor-02,2026-09-30 23:57:51,28.81,54.81,1014.95
sensor-02,30/09/2026 15:55:01,24.01,54.06,1012.41
sensor-01,2026-09-30 23:53:52,28.0,53.86,1012.57
sensor-05,2026-09-29 01:33:56,26.83,64.94,1011.17
sensor-03,2026-09-29 21:53:27,27.98,66.9,1013.79
sensor-01,2026-09-28 04:16:36,25.25,66.19,1010.49
sensor-03,2026-09-30 10:15:04,25.29,67.87,1014.86
sensor-05,2026-09-29 18:11:44,26.58,40.38,1001.52
sensor-05,2026-09-29 14:18:58,25.11,51.44,1012.97
sensor-04,2026-09-29 19:01:59,29.09,48.32,1011.12
sensor-05,2026-09-30 14:49:39,23.83,53.85,1017.87
sensor-03,2026-09-29 00:03:13,25.53,55.57,1008.4
sensor-01,2026-09-29 05:21:56,28.83,41.09,1015.28
sensor-01,2026-09-30 10:06:45,27.42,59.03,1014.43
sensor-01,30/09/2026 09:57:48,26.76,45.55,1010.8
sensor-04,2026-09-29 13:06:08,28.29,54.24,1014.61
sensor-03,2026-09-28 12:09:28,25.89,51.01,1016.65
sensor-03,2026-09-29 15:56:42,24.99,44.15,1014.23
sensor-01,2026-09-29 15:13:15,25.4,38.29,1017.14
sensor-01,2026-09-30 11:43:01,26.51,70.0,1010.09
sensor-01,2026-09-29 08:42:37,24.01,55.26,1010.06
sensor-03,2026-09-29 10:36:15,29.66,56.87,1011.67
sensor-02,2026-09-30 00:52:11,26.54,58.3,1019.19
sensor-02,2026-09-30 00:46:32,25.23,53.3,1011.75
sensor-05,2026-09-29 15:57:58,28.68,60.3,1012.99
sensor-02,2026-09-30 11:45:54,27.94,52.8,1013.04
sensor-01,2026-09-28 13:16:23,24.98,36.25,1016.26
sensor-05,2026-09-28 11:31:05,27.05,48.02,1014.63
sensor-03,2026-09-30 06:37:36,25.54,50.89,1021.1
sensor-01,2026-09-28 04:16:10,27.56,54.42,1014.17
sensor-03,2026-09-29 22:33:41,26.04,59.38,1019.57
sensor-04,2026-09-29 12:48:51,26.34,57.15,1011.56
sensor-05,2026-09-29 09:18:21,27.56,62.04,1011.45
sensor-05,2026-09-29 11:16:07,26.16,47.24,1022.21
sensor-03,30/09/2026 12:08:50,25.11,63.75,1018.1
sensor-03,2026-09-29 15:06:03,23.02,61.53,1016.44
sensor-02,2026-09-29 17:40:20,23.37,68.01,1011.25
sensor-02,2026-09-29 05:01:11,25.53,55.69,1007.29
sensor-05,2026-09-29 16:22:49,26.97,49.73,1013.33
sensor-05,2026-09-30 11:44:36,23.89,51.63,1009.7
sensor-04,2026-09-29 15:00:13,26.97,53.96,1020.26
sensor-04,2026-09-28 09:16:07,24.1,39.5,1009.84
sensor-03,2026-09-29 18:13:59,23.89,56.89,1014.28
sensor-01,2026-09-29 09:41:15,26.98,40.1,1016.48
sensor-01,2026-09-29 12:50:34,26.84,63.71,1005.47
sensor-05,2026-09-28 01:11:48,24.49,55.23,1015.78
sensor-02,28/09/2026 17:02:26,22.48,53.41,1004.47
sensor-02,2026-09-29 11:26:17,23.82,51.86,1015.76
sensor-04,2026-09-30 08:24:27,27.23,45.47,1011.35
sensor-04,29/09/2026 08:37:46,25.05,56.31,1005.72
sensor-02,2026-09-29 02:09:35,30.24,49.26,1010.04
sensor-03,30/09/2026 19:04:37,26.1,45.72,1010.01
sensor-01,2026-09-30 10:59:45,27.53,61.75,1007.13
sensor-01,2026-09-29 09:51:26,24.5,65.74,1015.99
sensor-05,2026-09-30 09:18:25,21.69,58.07,1008.52
sensor-03,2026-09-28 21:15:09,29.83,47.08,1015.91
sensor-03,2026-09-30 10:05:46,27.26,64.08,1007.69
sensor-03,2026-09-30 20:41:32,29.15,63.36,1010.09
sensor-05,2026-09-28 06:37:07,23.27,42.21,1006.26
sensor-02,2026-09-29 17:32:29,25.68,42.23,1013.82
sensor-01,2026-09-29 16:14:47,25.76,51.82,1017.06
sensor-02,2026-09-30 07:06:43,26.18,55.08,1012.63
sensor-04,30/09/2026 12:34:04,25.65,65.77,1017.67
sensor-01,2026-09-29 07:15:44,24.94,53.23,1026.54
sensor-03,2026-09-28 22:31:17,24.34,49.52,1015.41
sensor-02,2026-09-29 04:17:13,26.79,47.52,1010.62
sensor-05,2026-09-28 01:49:20,24.71,64.69,1008.74
sensor-04,2026-09-30 11:14:16,26.69,64.06,1012.31
sensor-02,2026-09-29 02:14:43,27.45,54.02,1012.2
sensor-05,2026-09-29 06:34:14,25.07,56.03,1018.58
sensor-02,2026-09-30 14:55:09,24.48,53.52,1021.75
sensor-03,2026-09-30 22:11:24,23.34,41.13,1018.53
sensor-03,2026-09-30 04:35:18,26.19,69.57,1013.98
sensor-03,2026-09-29 04:00:19,26.62,51.09,1020.45
sensor-02,2026-09-28 22:13:23,23.97,56.99,1020.24
sensor-04,2026-09-30 14:30:51,26.13,58.88,1014.74
sensor-03,2026-09-30 00:16:36,26.26,53.82,1017.87
sensor-02,2026-09-30 17:37:19,28.21,51.46,1009.57
sensor-03,2026-09-30 08:49:13,25.0,50.71,1007.88
sensor-05,2026-09-28 17:32:12,23.98,60.54,1017.35
sensor-02,2026-09-28 08:05:46,23.58,54.21,1014.48
sensor-03,2026-09-28 16:22:27,28.56,56.66,1005.26
sensor-04,2026-09-28 08:06:10,26.27,60.42,1013.49
sensor-03,2026-09-29 12:11:39,26.41,36.26,1016.65
sensor-03,2026-09-30 09:06:41,25.45,54.13,1011.55
sensor-04,29/09/2026 20:10:07,23.27,65.08,1015.86
sensor-05,2026-09-29 09:43:09,27.9,53.33,1010.34
sensor-05,2026-09-30 23:06:25,24.86,43.15,1014.9
sensor-02,2026-09-28 02:32:02,23.82,56.36,1008.3
sensor-05,2026-09-29 14:45:34,28.73,74.38,1011.27
sensor-05,2026-09-28 10:49:28,28.15,48.08,1024.64
sensor-01,2026-09-30 10:43:55,27.72,77.03,1017.11
sensor-02,2026-09-28 09:39:39,22.92,54.7,1011.91
sensor-04,2026-09-29 23:15:08,23.73,45.86,1013.17
sensor-05,2026-09-29 21:28:23,25.41,45.5,
sensor-03,2026-09-29 04:07:11,27.17,56.12,1017.32
sensor-03,29/09/2026 02:24:35,20.69,48.91,1009.82
sensor-05,28/09/2026 08:58:25,23.96,49.33,1017.03
sensor-04,2026-09-30 07:12:28,23.72,49.34,1008.39
sensor-04,2026-09-28 13:49:17,27.56,59.63,1014.88
sensor-05,2026-09-29 20:58:54,24.24,55.35,1020.63
sensor-02,2026-09-30 22:47:27,31.1,60.89,1016.74
sensor-02,2026-09-29 08:57:08,24.14,62.49,1013.06
sensor-04,2026-09-28 08:43:45,23.43,46.08,1011.58
sensor-04,2026-09-30 03:53:32,27.49,58.8,1008.31
sensor-04,2026-09-30 05:59:33,28.65,48.68,1011.56
sensor-04,2026-09-28 21:00:57,23.4,50.34,1005.81
sensor-03,2026-09-30 23:50:44,25.66,58.27,1010.6
sensor-05,2026-09-28 14:25:32,26.92,65.44,1012.66
sensor-01,2026-09-29 15:30:42,26.56,63.05,1018.47
sensor-01,2026-09-29 00:48:34,25.94,70.91,1014.39
sensor-04,2026-09-30 11:10:29,23.71,55.67,1009.57
sensor-02,2026-09-30 21:06:47,28.5,64.22,1006.06
sensor-03,2026-09-30 04:54:47,24.56,49.09,1006.87
sensor-02,2026-09-30 10:51:42,27.11,71.21,1009.49
sensor-03,2026-09-28 16:45:22,29.58,61.96,1013.94
sensor-05,2026-09-28 07:40:59,23.93,49.44,1017.31
sensor-04,2026-09-29 13:38:40,25.56,59.22,1008.19
sensor-02,2026-09-29 20:20:44,25.24,,1018.4
sensor-05,2026-09-28 17:29:53,24.55,58.98,1013.72
sensor-05,2026-09-28 07:29:06,27.52,49.56,1010.9
sensor-01,2026-09-29 19:06:01,27.83,59.26,1015.12
sensor-05,2026-09-30 00:14:25,25.14,52.32,1014.14
sensor-01,2026-09-29 17:18:49,25.58,40.37,1019.11
sensor-02,2026-09-30 10:17:50,26.89,64.26,1015.03
sensor-05,2026-09-28 03:09:27,25.88,51.34,1019.81
sensor-04,2026-09-30 17:55:20,24.41,69.74,1018.99
sensor-03,2026-09-30 23:50:24,25.36,45.22,1011.94
sensor-02,2026-09-29 17:40:16,25.93,60.03,1019.53
sensor-03,2026-09-30 03:39:50,26.31,56.09,1008.93
sensor-05,2026-09-28 04:03:04,24.71,46.11,1016.26
sensor-01,2026-09-30 07:25:06,25.61,64.82,1015.72
sensor-04,2026-09-28 15:31:22,28.73,57.78,1010.09
sensor-03,2026-09-28 07:41:06,23.53,43.69,1011.58
sensor-05,2026-09-30 10:03:00,27.39,61.71,998.52
sensor-01,2026-09-28 03:40:26,27.71,59.11,1010.04
sensor-02,2026-09-29 02:17:46,29.33,53.3,1007.25
sensor-02,2026-09-29 12:16:28,26.11,53.51,1009.15
sensor-02,2026-09-29 15:12:31,26.05,53.0,1014.43
sensor-03,2026-09-30 16:50:21,28.53,55.76,1011.33
sensor-02,2026-09-28 21:04:21,27.31,49.18,1003.93
sensor-04,2026-09-29 08:18:52,21.64,58.83,1011.37
sensor-05,2026-09-30 01:46:27,24.36,47.58,1013.18
sensor-04,2026-09-29 06:33:29,24.05,55.34,1010.78
sensor-03,2026-09-30 17:02:09,27.59,52.07,1007.59
sensor-03,2026-09-28 03:18:07,26.99,54.9,1013.59
sensor-05,29/09/2026 14:56:43,29.05,60.12,1022.32
sensor-05,2026-09-28 11:36:18,25.55,48.91,1015.64
sensor-05,2026-09-30 20:20:38,25.37,49.87,1013.65
sensor-03,2026-09-30 13:41:48,29.43,68.3,1023.79
sensor-01,29/09/2026 08:17:57,27.98,53.02,1015.55
sensor-04,2026-09-28 00:51:38,24.45,51.54,1010.06
sensor-03,2026-09-28 18:22:42,25.27,42.77,1011.31
sensor-05,2026-09-28 13:36:54,26.42,56.57,1012.29
sensor-04,2026-09-28 16:42:38,26.66,56.93,1008.25
sensor-02,2026-09-28 13:58:53,28.86,58.77,1016.46
sensor-01,2026-09-29 20:47:48,,47.57,1018.63
sensor-04,2026-09-30 13:23:44,23.23,57.51,1006.88
sensor-05,2026-09-28 20:21:43,28.82,62.12,1017.81
sensor-04,2026-09-29 04:57:38,27.06,46.67,1011.2
sensor-04,2026-09-29 03:09:53,20.42,45.33,1014.15
sensor-01,2026-09-28 18:50:06,25.57,62.72,1016.39
sensor-05,2026-09-30 19:04:37,27.7,68.04,1018.82
sensor-04,2026-09-30 02:41:11,29.66,54.22,1013.16
sensor-05,2026-09-29 02:51:43,29.1,52.12,1013.52
sensor-02,30/09/2026 14:08:55,24.08,52.2,1019.9
sensor-01,2026-09-30 09:36:24,26.31,52.24,1016.95
sensor-04,2026-09-29 07:49:04,27.56,50.14,1018.78
sensor-03,2026-09-30 22:03:36,26.14,55.78,1012.52
sensor-03,2026-09-28 23:52:42,26.9,43.0,1015.65
sensor-04,2026-09-28 06:31:26,24.36,58.42,1010.11
sensor-05,2026-09-30 07:08:02,27.69,67.06,1020.37
sensor-05,2026-09-30 05:42:02,28.07,54.95,1009.78
sensor-02,2026-09-30 15:51:36,24.58,62.56,1016.56
sensor-02,2026-09-30 01:18:28,23.48,53.98,1010.43
sensor-02,2026-09-29 17:33:17,27.84,59.96,1015.18
sensor-01,2026-09-28 04:23:15,28.25,54.21,1012.27
sensor-03,2026-09-30 21:35:47,22.97,53.54,1009.08
sensor-03,2026-09-30 10:42:23,26.41,54.02,1009.29
sensor-01,28/09/2026 14:05:39,27.65,41.07,1014.95
sensor-02,2026-09-30 00:44:54,26.85,48.99,1013.84
sensor-01,2026-09-28 05:50:00,23.52,48.25,1013.23
sensor-01,2026-09-28 22:25:49,23.52,47.96,1005.39
sensor-05,2026-09-30 04:52:32,23.03,71.78,1011.87
sensor-01,2026-09-29 14:51:43,26.43,35.63,1000.34
sensor-01,2026-09-28 09:17:17,24.28,62.39,1020.36
sensor-01,2026-09-29 06:19:53,26.84,49.84,1010.75
sensor-03,2026-09-30 16:19:37,25.19,60.82,1019.6
sensor-04,2026-09-29 11:34:49,28.89,42.39,1014.98
sensor-02,2026-09-30 04:21:16,25.48,58.71,1012.85
sensor-04,2026-09-28 00:36:20,28.15,52.02,1018.3
sensor-02,2026-09-29 03:19:27,24.47,47.83,1010.86
sensor-01,2026-09-30 22:48:23,25.3,43.51,1015.33
sensor-02,2026-09-30 07:56:48,27.58,41.98,1011.5
sensor-02,2026-09-28 00:19:26,26.66,52.79,1020.68
sensor-01,2026-09-30 19:27:17,25.99,55.16,1019.14
sensor-02,2026-09-29 04:17:02,23.39,59.8,1018.99
sensor-05,2026-09-29 10:23:09,26.8,59.1,1006.28
sensor-04,2026-09-29 12:57:50,26.42,53.29,1009.34
sensor-02,2026-09-29 20:51:40,21.51,58.15,1014.19
sensor-03,2026-09-29 14:20:07,27.05,54.13,1018.0
sensor-04,2026-09-30 15:55:32,24.92,60.3,1010.05
sensor-02,2026-09-28 03:11:35,23.95,53.58,1014.87
sensor-02,29/09/2026 06:08:29,25.98,53.56,1006.75
sensor-05,2026-09-29 07:59:51,28.15,59.19,1017.06
sensor-02,2026-09-29 17:02:26,21.38,62.56,1005.2
sensor-03,2026-09-28 14:07:40,28.02,50.71,1011.67
sensor-05,2026-09-30 04:52:32,23.03,71.78,1011.87
sensor-03,2026-09-29 09:35:11,26.29,56.23,1006.23
sensor-05,2026-09-29 05:10:26,24.83,75.05,1021.06
sensor-03,2026-09-28 11:27:43,27.54,56.74,1006.62
sensor-02,2026-09-29 16:53:53,24.46,56.32,1013.03
sensor-05,29/09/2026 22:56:23,24.54,44.7,1008.26
sensor-03,2026-09-30 01:18:00,23.55,63.75,1014.92
sensor-04,2026-09-30 19:40:45,25.69,31.11,1017.18
sensor-04,2026-09-28 03:34:16,,63.59,1003.63
sensor-03,2026-09-29 22:11:13,25.65,61.93,1014.23
sensor-05,2026-09-28 20:08:02,21.39,42.17,1015.08
sensor-04,2026-09-28 02:52:31,24.5,45.67,1010.73
sensor-05,2026-09-30 21:39:55,24.82,59.04,1006.97
